nome,username,email,senha,role,telefone
Ana Costa,anacosta,ana.costa@email.com,Nahari3000,ADMIN,912345678
João Silva,joaosilva1,joao.silva1@email.com,Nahari3000,PROPRIETARIO,923456789
Maria Souza,mariasouza1,maria.souza1@email.com,Nahari3000,PROPRIETARIO,934567890
Pedro Almeida,pedroalmeida1,pedro.almeida1@email.com,Nahari3000,PROPRIETARIO,945678901
Lucas Ferreira,lucasferreira1,lucas.ferreira1@email.com,Nahari3000,PROPRIETARIO,956789012
Beatriz Lima,beatrizlima1,beatriz.lima1@email.com,Nahari3000,PROPRIETARIO,967890123
Carlos Mendes,carlosmendes1,carlos.mendes1@email.com,Nahari3000,PROPRIETARIO,978901234
Sofia Pereira,sofiapereira1,sofia.pereira1@email.com,Nahari3000,PROPRIETARIO,989012345
Rafael Santos,rafaelsantos1,rafael.santos1@email.com,Nahari3000,PROPRIETARIO,990123456
Julia Oliveira,juliaoliveira1,julia.oliveira1@email.com,Nahari3000,PROPRIETARIO,901234567
Gabriel Rocha,gabrielrocha1,gabriel.rocha1@email.com,Nahari3000,PROPRIETARIO,912345670
Fernanda Dias,fernandadias1,fernanda.dias1@email.com,Nahari3000,PROPRIETARIO,923456781
Thiago Nunes,thiagounes1,thiago.nunes1@email.com,Nahari3000,PROPRIETARIO,934567892
Larissa Gomes,larissagomes1,larissa.gomes1@email.com,Nahari3000,PROPRIETARIO,945678903
Bruno Costa,brunocosta1,bruno.costa1@email.com,Nahari3000,PROPRIETARIO,956789014
Camila Ribeiro,camilaribeiro1,camila.ribeiro1@email.com,Nahari3000,PROPRIETARIO,967890125
Diego Martins,diegomartins1,diego.martins1@email.com,Nahari3000,PROPRIETARIO,978901236
Paula Lima,paulalima1,paula.lima1@email.com,Nahari3000,PROPRIETARIO,989012347
Marcos Souza,marcossouza1,marcos.souza1@email.com,Nahari3000,PROPRIETARIO,990123458
Renata Almeida,renataalmeida1,renata.almeida1@email.com,Nahari3000,PROPRIETARIO,901234569
Vinicius Silva,viniciussilva1,vinicius.silva1@email.com,Nahari3000,PROPRIETARIO,912345671
Aline Ferreira,alineferreira1,aline.ferreira1@email.com,Nahari3000,PROPRIETARIO,923456782
Eduardo Mendes,eduardomendes1,eduardo.mendes1@email.com,Nahari3000,PROPRIETARIO,934567893
Tatiana Santos,tatianasantos1,tatiana.santos1@email.com,Nahari3000,PROPRIETARIO,945678904
Roberto Lima,robertolima1,roberto.lima1@email.com,Nahari3000,PROPRIETARIO,956789015
Letícia Oliveira,leticiaoliveira1,leticia.oliveira1@email.com,Nahari3000,PROPRIETARIO,967890126
Gustavo Rocha,gustavorocha1,gustavo.rocha1@email.com,Nahari3000,PROPRIETARIO,978901237
Carolina Dias,carolinadias1,carolina.dias1@email.com,Nahari3000,PROPRIETARIO,989012348
André Nunes,andrenunes1,andre.nunes1@email.com,Nahari3000,PROPRIETARIO,990123459
Mariana Gomes,marianagomes1,mariana.gomes1@email.com,Nahari3000,PROPRIETARIO,901234560
José Silva,josesilva1,jose.silva1@email.com,Nahari3000,INQUILINO,912345672
Clara Souza,clarasouza1,clara.souza1@email.com,Nahari3000,INQUILINO,923456783
Felipe Almeida,felipealmeida1,felipe.almeida1@email.com,Nahari3000,INQUILINO,934567894
Laura Ferreira,lauraferreira1,laura.ferreira1@email.com,Nahari3000,INQUILINO,945678905
Matheus Costa,matheuscosta1,matheus.costa1@email.com,Nahari3000,INQUILINO,956789016
Isabela Lima,isabelalima1,isabela.lima1@email.com,Nahari3000,INQUILINO,967890127
Ricardo Mendes,ricardomendes1,ricardo.mendes1@email.com,Nahari3000,INQUILINO,978901238
Vanessa Pereira,vanessapereira1,vanessa.pereira1@email.com,Nahari3000,INQUILINO,989012349
Leonardo Santos,leonardosantos1,leonardo.santos1@email.com,Nahari3000,INQUILINO,990123450
Patrícia Oliveira,patriciaoliveira1,patricia.oliveira1@email.com,Nahari3000,INQUILINO,901234561
Tiago Rocha,tiagorocha1,tiago.rocha1@email.com,Nahari3000,INQUILINO,912345673
Helena Dias,helenadias1,helena.dias1@email.com,Nahari3000,INQUILINO,923456784
Vitor Nunes,vitornunes1,vitor.nunes1@email.com,Nahari3000,INQUILINO,934567895
Bianca Gomes,biancagomes1,bianca.gomes1@email.com,Nahari3000,INQUILINO,945678906
Daniel Costa,danielcosta1,daniel.costa1@email.com,Nahari3000,INQUILINO,956789017
Natália Ribeiro,nataliaribeiro1,natalia.ribeiro1@email.com,Nahari3000,INQUILINO,967890128
Fábio Martins,fabiomartins1,fabio.martins1@email.com,Nahari3000,INQUILINO,978901239
Lívia Lima,livialima1,livia.lima1@email.com,Nahari3000,INQUILINO,989012340
Samuel Souza,samuelsouza1,samuel.souza1@email.com,Nahari3000,INQUILINO,990123451
Rafaela Almeida,rafaelaalmeida1,rafaela.almeida1@email.com,Nahari3000,INQUILINO,901234562
Alexandre Silva,alexandresilva1,alexandre.silva1@email.com,Nahari3000,INQUILINO,912345674
Jéssica Ferreira,jessicaferreira1,jessica.ferreira1@email.com,Nahari3000,INQUILINO,923456785
Guilherme Mendes,guilhermemendes1,guilherme.mendes1@email.com,Nahari3000,INQUILINO,934567896
Priscila Santos,priscilasantos1,priscila.santos1@email.com,Nahari3000,INQUILINO,945678907
Marcelo Lima,marcelolima1,marcelo.lima1@email.com,Nahari3000,INQUILINO,956789018
Débora Oliveira,deboroliveira1,debora.oliveira1@email.com,Nahari3000,INQUILINO,967890129
Rodrigo Rocha,rodrigorocha1,rodrigo.rocha1@email.com,Nahari3000,INQUILINO,978901230
Amanda Dias,amandadias1,amanda.dias1@email.com,Nahari3000,INQUILINO,989012341
Victor Nunes,victornunes1,victor.nunes1@email.com,Nahari3000,INQUILINO,990123452
Luciana Gomes,lucianagomes1,luciana.gomes1@email.com,Nahari3000,INQUILINO,901234563
Henrique Costa,henriquecosta1,henrique.costa1@email.com,Nahari3000,INQUILINO,912345675
Bruna Ribeiro,brunaribeiro1,bruna.ribeiro1@email.com,Nahari3000,INQUILINO,923456786
Eduarda Martins,eduardamartins1,eduarda.martins1@email.com,Nahari3000,INQUILINO,934567897
Thiago Lima,thiagolima1,thiago.lima1@email.com,Nahari3000,INQUILINO,945678908
Carla Souza,carlasouza1,carla.souza1@email.com,Nahari3000,INQUILINO,956789019
Gustavo Almeida,gustavoalmeida1,gustavo.almeida1@email.com,Nahari3000,INQUILINO,967890120
Mônica Ferreira,monicaferreira1,monica.ferreira1@email.com,Nahari3000,INQUILINO,978901231
Antônio Mendes,antoniomendes1,antonio.mendes1@email.com,Nahari3000,INQUILINO,989012342
Sabrina Santos,sabrinasantos1,sabrina.santos1@email.com,Nahari3000,INQUILINO,990123453
Diego Oliveira,diegoliveira1,diego.oliveira1@email.com,Nahari3000,INQUILINO,901234564
Juliana Rocha,julianarocha1,juliana.rocha1@email.com,Nahari3000,INQUILINO,912345676
Roberto Dias,robertodias1,roberto.dias1@email.com,Nahari3000,INQUILINO,923456787
Tânia Nunes,tanianunes1,tania.nunes1@email.com,Nahari3000,INQUILINO,934567898
Paulo Gomes,paulogomes1,paulo.gomes1@email.com,Nahari3000,INQUILINO,945678909
Elisa Costa,elisacosta1,elisa.costa1@email.com,Nahari3000,INQUILINO,956789010
Renan Ribeiro,renanribeiro1,renan.ribeiro1@email.com,Nahari3000,INQUILINO,967890121
Cristina Martins,cristinamartins1,cristina.martins1@email.com,Nahari3000,INQUILINO,978901232
Filipe Lima,filipelima1,filipe.lima1@email.com,Nahari3000,INQUILINO,989012343
Lorena Souza,lorenasouza1,lorena.souza1@email.com,Nahari3000,INQUILINO,990123454
Otávio Almeida,otavioalmeida1,otavio.almeida1@email.com,Nahari3000,INQUILINO,901234565
Viviane Ferreira,vivianeferreira1,viviane.ferreira1@email.com,Nahari3000,INQUILINO,912345677
Bruno Mendes,brunomendes1,bruno.mendes1@email.com,Nahari3000,INQUILINO,923456788
Lara Santos,larasantos1,lara.santos1@email.com,Nahari3000,INQUILINO,934567899
Mateus Oliveira,mateusoliveira1,mateus.oliveira1@email.com,Nahari3000,INQUILINO,945678900
